{"cameraMode":{"drawMode":0,"name":"Shaded","section":"Shading Mode"},"sceneLighting":false,"audioPlay":false,"sceneViewState":{"showFog":false,"showMaterialUpdate":false,"showSkybox":false,"showFlares":false,"showImageEffects":false,"showParticleSystems":false},"in2DMode":false,"pivot":{"x":1.3804879188537598,"y":-7.21419620513916,"z":-9.812211990356446},"rotation":{"x":0.2874439060688019,"y":0.4910680949687958,"z":-0.17613576352596284,"w":0.8033977150917053},"size":17.629854202270509,"orthographic":false}