{"cameraMode":{"drawMode":0,"name":"Shaded","section":"Shading Mode"},"sceneLighting":false,"audioPlay":false,"sceneViewState":{"showFog":false,"showMaterialUpdate":false,"showSkybox":false,"showFlares":false,"showImageEffects":false,"showParticleSystems":false},"in2DMode":false,"pivot":{"x":-0.0000045299530029296878,"y":0.6591852307319641,"z":-0.014484167098999024},"rotation":{"x":0.09245770424604416,"y":0.4917106330394745,"z":-0.0530979186296463,"w":0.8643491864204407},"size":1.9752123355865479,"orthographic":false}