{"cameraMode":{"drawMode":0,"name":"Shaded","section":"Shading Mode"},"sceneLighting":false,"audioPlay":false,"sceneViewState":{"showFog":false,"showMaterialUpdate":false,"showSkybox":false,"showFlares":false,"showImageEffects":false,"showParticleSystems":false},"in2DMode":false,"pivot":{"x":-11.217548370361329,"y":-1.160238265991211,"z":-3.3882102966308595},"rotation":{"x":0.09245770424604416,"y":0.4917106330394745,"z":-0.0530979186296463,"w":0.8643491864204407},"size":54.51007080078125,"orthographic":false}