{"cameraMode":{"drawMode":0,"name":"Shaded","section":"Shading Mode"},"sceneLighting":false,"audioPlay":false,"sceneViewState":{"showFog":false,"showMaterialUpdate":false,"showSkybox":false,"showFlares":false,"showImageEffects":false,"showParticleSystems":false},"in2DMode":false,"pivot":{"x":0.045175135135650638,"y":1.526459813117981,"z":0.06198790669441223},"rotation":{"x":0.09245770424604416,"y":0.4917106330394745,"z":-0.0530979186296463,"w":0.8643491864204407},"size":1.7284866571426392,"orthographic":false}