{"cameraMode":{"drawMode":0,"name":"Shaded","section":"Shading Mode"},"sceneLighting":false,"audioPlay":false,"sceneViewState":{"showFog":false,"showMaterialUpdate":false,"showSkybox":false,"showFlares":false,"showImageEffects":false,"showParticleSystems":false},"in2DMode":false,"pivot":{"x":0.0361400842666626,"y":1.2211679220199586,"z":0.04959028959274292},"rotation":{"x":0.09245770424604416,"y":0.4917106330394745,"z":-0.0530979186296463,"w":0.8643491864204407},"size":1.3827893733978272,"orthographic":false}