{"cameraMode":{"drawMode":0,"name":"Shaded","section":"Shading Mode"},"sceneLighting":false,"audioPlay":false,"sceneViewState":{"showFog":false,"showMaterialUpdate":false,"showSkybox":false,"showFlares":false,"showImageEffects":false,"showParticleSystems":false},"in2DMode":false,"pivot":{"x":0.5212138891220093,"y":1.1766273975372315,"z":-0.643486499786377},"rotation":{"x":0.03390279412269592,"y":0.9640671014785767,"z":-0.15499140322208405,"w":0.21365782618522645},"size":0.9179303050041199,"orthographic":false}