{"cameraMode":{"drawMode":0,"name":"Shaded","section":"Shading Mode"},"sceneLighting":true,"audioPlay":false,"sceneViewState":{"showFog":true,"showMaterialUpdate":false,"showSkybox":false,"showFlares":true,"showImageEffects":true,"showParticleSystems":true},"in2DMode":false,"pivot":{"x":-2.600693702697754,"y":0.2603299617767334,"z":-1.2653818130493165},"rotation":{"x":0.08267536014318466,"y":-0.6657758355140686,"z":0.07461442798376084,"w":0.737821638584137},"size":6.062177658081055,"orthographic":false}