{"cameraMode":{"drawMode":0,"name":"Shaded","section":"Shading Mode"},"sceneLighting":true,"audioPlay":false,"sceneViewState":{"showFog":true,"showMaterialUpdate":false,"showSkybox":true,"showFlares":true,"showImageEffects":true,"showParticleSystems":true},"in2DMode":false,"pivot":{"x":-17.92351722717285,"y":7.303591251373291,"z":-18.778369903564454},"rotation":{"x":0.3379989266395569,"y":-0.06412597000598908,"z":0.02306513488292694,"w":0.9387569427490234},"size":9.00833797454834,"orthographic":false}