{"cameraMode":{"drawMode":0,"name":"Shaded","section":"Shading Mode"},"sceneLighting":true,"audioPlay":false,"sceneViewState":{"showFog":true,"showMaterialUpdate":false,"showSkybox":true,"showFlares":true,"showImageEffects":true,"showParticleSystems":true},"in2DMode":false,"pivot":{"x":0.13905039429664613,"y":0.8193841576576233,"z":4.325722694396973},"rotation":{"x":0.3379989266395569,"y":-0.06412597000598908,"z":0.02306513488292694,"w":0.9387569427490234},"size":12.1436128616333,"orthographic":false}