{"cameraMode":{"drawMode":0,"name":"Shaded","section":"Shading Mode"},"sceneLighting":false,"audioPlay":false,"sceneViewState":{"showFog":true,"showMaterialUpdate":false,"showSkybox":false,"showFlares":true,"showImageEffects":true,"showParticleSystems":true},"in2DMode":false,"pivot":{"x":0.013839006423950196,"y":1.3580379486083985,"z":0.8478060364723206},"rotation":{"x":-0.02646184153854847,"y":0.9716577529907227,"z":-0.1325680911540985,"w":-0.19402359426021577},"size":1.7442599534988404,"orthographic":false}