{"cameraMode":{"drawMode":0,"name":"Shaded","section":"Shading Mode"},"sceneLighting":false,"audioPlay":false,"sceneViewState":{"showFog":true,"showMaterialUpdate":false,"showSkybox":false,"showFlares":true,"showImageEffects":true,"showParticleSystems":true},"in2DMode":false,"pivot":{"x":-0.000003814697265625,"y":2.326158285140991,"z":0.0000133514404296875},"rotation":{"x":-0.02646184153854847,"y":0.9716577529907227,"z":-0.1325680911540985,"w":-0.19402359426021577},"size":4.952587604522705,"orthographic":false}