{"cameraMode":{"drawMode":0,"name":"Shaded","section":"Shading Mode"},"sceneLighting":false,"audioPlay":false,"sceneViewState":{"showFog":true,"showMaterialUpdate":false,"showSkybox":false,"showFlares":true,"showImageEffects":true,"showParticleSystems":true},"in2DMode":false,"pivot":{"x":1.7881393432617188e-7,"y":1.3705826997756959,"z":-0.000001430511474609375},"rotation":{"x":-0.02646184153854847,"y":0.9716577529907227,"z":-0.1325680911540985,"w":-0.19402359426021577},"size":2.7855427265167238,"orthographic":false}