{"cameraMode":{"drawMode":0,"name":"Shaded","section":"Shading Mode"},"sceneLighting":false,"audioPlay":false,"sceneViewState":{"showFog":true,"showMaterialUpdate":false,"showSkybox":false,"showFlares":true,"showImageEffects":true,"showParticleSystems":true},"in2DMode":false,"pivot":{"x":-0.000003814697265625,"y":1.5000008344650269,"z":0.0},"rotation":{"x":-0.02646184153854847,"y":0.9716577529907227,"z":-0.1325680911540985,"w":-0.19402359426021577},"size":2.3708205223083498,"orthographic":false}