{"cameraMode":{"drawMode":0,"name":"Shaded","section":"Shading Mode"},"sceneLighting":false,"audioPlay":false,"sceneViewState":{"showFog":true,"showMaterialUpdate":false,"showSkybox":false,"showFlares":true,"showImageEffects":true,"showParticleSystems":true},"in2DMode":false,"pivot":{"x":1.394861102104187,"y":-2.0800669193267824,"z":-0.027660688385367395},"rotation":{"x":0.2550472915172577,"y":0.7339566946029663,"z":-0.3646167814731598,"w":0.5132905840873718},"size":4.677056312561035,"orthographic":false}