{"cameraMode":{"drawMode":0,"name":"Shaded","section":"Shading Mode"},"sceneLighting":false,"audioPlay":false,"sceneViewState":{"showFog":true,"showMaterialUpdate":false,"showSkybox":false,"showFlares":true,"showImageEffects":true,"showParticleSystems":true},"in2DMode":false,"pivot":{"x":-13.629785537719727,"y":1.6823694705963135,"z":-0.07421679049730301},"rotation":{"x":0.14668767154216767,"y":-0.6774805784225464,"z":0.14058175683021546,"w":0.7069518566131592},"size":1.0883219242095948,"orthographic":false}