{"cameraMode":{"drawMode":0,"name":"Shaded","section":"Shading Mode"},"sceneLighting":true,"audioPlay":false,"sceneViewState":{"showFog":true,"showMaterialUpdate":false,"showSkybox":false,"showFlares":true,"showImageEffects":true,"showParticleSystems":true},"in2DMode":false,"pivot":{"x":-1.8540000915527344,"y":1.4180002212524415,"z":0.16099977493286134},"rotation":{"x":0.08267536014318466,"y":-0.6657758355140686,"z":0.07461442798376084,"w":0.737821638584137},"size":12.12435531616211,"orthographic":false}