{"cameraMode":{"drawMode":0,"name":"Shaded","section":"Shading Mode"},"sceneLighting":false,"audioPlay":false,"sceneViewState":{"showFog":true,"showMaterialUpdate":false,"showSkybox":false,"showFlares":true,"showImageEffects":true,"showParticleSystems":true},"in2DMode":false,"pivot":{"x":-0.5252789258956909,"y":-0.38833099603652956,"z":-1.8095167875289918},"rotation":{"x":-0.026149112731218339,"y":0.9692032933235169,"z":-0.21480414271354676,"w":-0.1182321310043335},"size":4.096024513244629,"orthographic":false}