{"cameraMode":{"drawMode":0,"name":"Shaded","section":"Shading Mode"},"sceneLighting":false,"audioPlay":false,"sceneViewState":{"showFog":true,"showMaterialUpdate":false,"showSkybox":false,"showFlares":true,"showImageEffects":true,"showParticleSystems":true},"in2DMode":false,"pivot":{"x":-3.010000228881836,"y":1.4180001020431519,"z":0.18900012969970704},"rotation":{"x":0.2076840102672577,"y":-0.15971960127353669,"z":0.034402068704366687,"w":0.9644774794578552},"size":7.274612903594971,"orthographic":false}