{"cameraMode":{"drawMode":0,"name":"Shaded","section":"Shading Mode"},"sceneLighting":false,"audioPlay":false,"sceneViewState":{"showFog":true,"showMaterialUpdate":false,"showSkybox":false,"showFlares":true,"showImageEffects":true,"showParticleSystems":true},"in2DMode":false,"pivot":{"x":-2.384185791015625e-7,"y":1.9925780296325684,"z":0.07520365715026856},"rotation":{"x":0.003775893012061715,"y":0.8582154512405396,"z":-0.5133877396583557,"w":0.006256884429603815},"size":2.7235662937164308,"orthographic":false}