{"cameraMode":{"drawMode":0,"name":"Shaded","section":"Shading Mode"},"sceneLighting":false,"audioPlay":false,"sceneViewState":{"showFog":true,"showMaterialUpdate":false,"showSkybox":false,"showFlares":true,"showImageEffects":true,"showParticleSystems":true},"in2DMode":false,"pivot":{"x":-1.7971967458724976,"y":1.8938243389129639,"z":-1.1615729331970215},"rotation":{"x":0.15955154597759248,"y":-0.4657817482948303,"z":0.0856938585639,"w":0.8662635087966919},"size":2.6406497955322267,"orthographic":false}