{"cameraMode":{"drawMode":0,"name":"Shaded","section":"Shading Mode"},"sceneLighting":true,"audioPlay":false,"sceneViewState":{"showFog":true,"showMaterialUpdate":false,"showSkybox":false,"showFlares":true,"showImageEffects":true,"showParticleSystems":true},"in2DMode":false,"pivot":{"x":1.2824996709823609,"y":1.5099999904632569,"z":-0.042000025510787967},"rotation":{"x":0.08267536014318466,"y":-0.6657758355140686,"z":0.07461442798376084,"w":0.737821638584137},"size":1.6622284650802613,"orthographic":false}