{"cameraMode":{"drawMode":0,"name":"Shaded","section":"Shading Mode"},"sceneLighting":true,"audioPlay":false,"sceneViewState":{"showFog":true,"showMaterialUpdate":false,"showSkybox":true,"showFlares":true,"showImageEffects":true,"showParticleSystems":true},"in2DMode":false,"pivot":{"x":-29.432554244995118,"y":-1.9697798490524293,"z":21.82891082763672},"rotation":{"x":0.1838153451681137,"y":-0.1804410070180893,"z":0.0344303697347641,"w":0.9657694101333618},"size":24.118492126464845,"orthographic":false}