{"cameraMode":{"drawMode":0,"name":"Shaded","section":"Shading Mode"},"sceneLighting":false,"audioPlay":false,"sceneViewState":{"showFog":true,"showMaterialUpdate":false,"showSkybox":false,"showFlares":true,"showImageEffects":true,"showParticleSystems":true},"in2DMode":false,"pivot":{"x":-1.586584448814392,"y":0.08461648970842362,"z":-1.5830016136169434},"rotation":{"x":0.003775893012061715,"y":0.8582154512405396,"z":-0.5133877396583557,"w":0.006256884429603815},"size":2.2261874675750734,"orthographic":false}