{"cameraMode":{"drawMode":0,"name":"Shaded","section":"Shading Mode"},"sceneLighting":false,"audioPlay":false,"sceneViewState":{"showFog":true,"showMaterialUpdate":false,"showSkybox":false,"showFlares":true,"showImageEffects":true,"showParticleSystems":true},"in2DMode":false,"pivot":{"x":0.00276947021484375,"y":0.7374910712242127,"z":0.0011081695556640626},"rotation":{"x":-0.02646184153854847,"y":0.9716577529907227,"z":-0.1325680911540985,"w":-0.19402359426021577},"size":2.406067371368408,"orthographic":false}