{"cameraMode":{"drawMode":0,"name":"Shaded","section":"Shading Mode"},"sceneLighting":false,"audioPlay":false,"sceneViewState":{"showFog":true,"showMaterialUpdate":false,"showSkybox":false,"showFlares":true,"showImageEffects":true,"showParticleSystems":true},"in2DMode":false,"pivot":{"x":-2.1453726291656496,"y":1.2741069793701172,"z":0.6413639783859253},"rotation":{"x":0.18293407559394837,"y":0.6059701442718506,"z":-0.14577531814575196,"w":0.7603452205657959},"size":1.4144504070281983,"orthographic":false}