{"cameraMode":{"drawMode":0,"name":"Shaded","section":"Shading Mode"},"sceneLighting":true,"audioPlay":false,"sceneViewState":{"showFog":true,"showMaterialUpdate":false,"showSkybox":true,"showFlares":true,"showImageEffects":true,"showParticleSystems":true},"in2DMode":false,"pivot":{"x":-6.916224956512451,"y":-1.6361885070800782,"z":87.26556396484375},"rotation":{"x":-0.19436196982860566,"y":-0.008178402669727803,"z":0.0016627208096906543,"w":-0.9809865355491638},"size":52.87733459472656,"orthographic":false}