{"cameraMode":{"drawMode":0,"name":"Shaded","section":"Shading Mode"},"sceneLighting":false,"audioPlay":false,"sceneViewState":{"showFog":true,"showMaterialUpdate":false,"showSkybox":false,"showFlares":true,"showImageEffects":true,"showParticleSystems":true},"in2DMode":false,"pivot":{"x":0.000002384185791015625,"y":2.3489794731140138,"z":0.000003814697265625},"rotation":{"x":0.003775893012061715,"y":0.8582154512405396,"z":-0.5133877396583557,"w":0.006256884429603815},"size":5.046963214874268,"orthographic":false}