{"cameraMode":{"drawMode":0,"name":"Shaded","section":"Shading Mode"},"sceneLighting":false,"audioPlay":false,"sceneViewState":{"showFog":true,"showMaterialUpdate":false,"showSkybox":false,"showFlares":true,"showImageEffects":true,"showParticleSystems":true},"in2DMode":false,"pivot":{"x":-9.5367431640625e-7,"y":2.3021934032440187,"z":0.41512393951416018},"rotation":{"x":-0.0633063092827797,"y":0.6444478631019592,"z":-0.053680669516325,"w":-0.7601555585861206},"size":2.470416307449341,"orthographic":false}