{"cameraMode":{"drawMode":0,"name":"Shaded","section":"Shading Mode"},"sceneLighting":false,"audioPlay":false,"sceneViewState":{"showFog":true,"showMaterialUpdate":false,"showSkybox":false,"showFlares":true,"showImageEffects":true,"showParticleSystems":true},"in2DMode":false,"pivot":{"x":-8.082291603088379,"y":1.9023401737213135,"z":0.00038362666964530945},"rotation":{"x":0.2076840102672577,"y":-0.15971960127353669,"z":0.034402068704366687,"w":0.9644774794578552},"size":0.4412755072116852,"orthographic":false}