{"cameraMode":{"drawMode":0,"name":"Shaded","section":"Shading Mode"},"sceneLighting":true,"audioPlay":false,"sceneViewState":{"showFog":true,"showMaterialUpdate":false,"showSkybox":false,"showFlares":true,"showImageEffects":true,"showParticleSystems":true},"in2DMode":false,"pivot":{"x":-3.809999704360962,"y":2.5,"z":0.3299999237060547},"rotation":{"x":0.08267536014318466,"y":-0.6657758355140686,"z":0.07461442798376084,"w":0.737821638584137},"size":18.186532974243165,"orthographic":false}