{"cameraMode":{"drawMode":0,"name":"Shaded","section":"Shading Mode"},"sceneLighting":false,"audioPlay":false,"sceneViewState":{"showFog":true,"showMaterialUpdate":false,"showSkybox":false,"showFlares":true,"showImageEffects":true,"showParticleSystems":true},"in2DMode":false,"pivot":{"x":-0.22313961386680604,"y":-0.03384032100439072,"z":0.16411206126213075},"rotation":{"x":-0.0633063092827797,"y":0.6444478631019592,"z":-0.053680669516325,"w":-0.7601555585861206},"size":1.7954018115997315,"orthographic":false}