{"cameraMode":{"drawMode":0,"name":"Shaded","section":"Shading Mode"},"sceneLighting":false,"audioPlay":false,"sceneViewState":{"showFog":true,"showMaterialUpdate":false,"showSkybox":false,"showFlares":true,"showImageEffects":true,"showParticleSystems":true},"in2DMode":false,"pivot":{"x":-13.076205253601075,"y":1.9010000228881837,"z":0.03299987316131592},"rotation":{"x":0.2076840102672577,"y":-0.15971960127353669,"z":0.034402068704366687,"w":0.9644774794578552},"size":4.11971378326416,"orthographic":false}