{"cameraMode":{"drawMode":0,"name":"Shaded","section":"Shading Mode"},"sceneLighting":false,"audioPlay":false,"sceneViewState":{"showFog":true,"showMaterialUpdate":false,"showSkybox":false,"showFlares":true,"showImageEffects":true,"showParticleSystems":true},"in2DMode":false,"pivot":{"x":-1.265357255935669,"y":0.8060442209243774,"z":-1.1824769973754883},"rotation":{"x":-0.06331909447908402,"y":0.7818166613578796,"z":-0.08049925416707993,"w":-0.6150704622268677},"size":3.5501294136047365,"orthographic":false}