{"cameraMode":{"drawMode":0,"name":"Shaded","section":"Shading Mode"},"sceneLighting":false,"audioPlay":false,"sceneViewState":{"showFog":true,"showMaterialUpdate":false,"showSkybox":false,"showFlares":true,"showImageEffects":true,"showParticleSystems":true},"in2DMode":false,"pivot":{"x":-1.0171045064926148,"y":1.2902535200119019,"z":-1.3661890029907227},"rotation":{"x":-0.0939888134598732,"y":0.8166483640670776,"z":-0.1390087604522705,"w":-0.5522384643554688},"size":4.33158540725708,"orthographic":false}