{"cameraMode":{"drawMode":0,"name":"Shaded","section":"Shading Mode"},"sceneLighting":true,"audioPlay":false,"sceneViewState":{"showFog":true,"showMaterialUpdate":false,"showSkybox":true,"showFlares":true,"showImageEffects":true,"showParticleSystems":true},"in2DMode":false,"pivot":{"x":1.1041224002838135,"y":4.249577045440674,"z":5.519440650939941},"rotation":{"x":0.16236314177513123,"y":-0.17051279544830323,"z":0.02849685028195381,"w":0.9714978337287903},"size":6.683448314666748,"orthographic":false}