{"cameraMode":{"drawMode":0,"name":"Shaded","section":"Shading Mode"},"sceneLighting":true,"audioPlay":false,"sceneViewState":{"showFog":true,"showMaterialUpdate":false,"showSkybox":false,"showFlares":true,"showImageEffects":true,"showParticleSystems":true},"in2DMode":false,"pivot":{"x":-3.010000228881836,"y":1.4180001020431519,"z":0.18900012969970704},"rotation":{"x":0.08267536014318466,"y":-0.6657758355140686,"z":0.07461442798376084,"w":0.737821638584137},"size":1.2346277236938477,"orthographic":false}