{"cameraMode":{"drawMode":0,"name":"Shaded","section":"Shading Mode"},"sceneLighting":true,"audioPlay":false,"sceneViewState":{"showFog":true,"showMaterialUpdate":false,"showSkybox":false,"showFlares":true,"showImageEffects":true,"showParticleSystems":true},"in2DMode":false,"pivot":{"x":0.2950000762939453,"y":1.510000228881836,"z":-0.04199981689453125},"rotation":{"x":0.1501440703868866,"y":-0.6159402132034302,"z":0.1210823729634285,"w":0.7638433575630188},"size":24.24871063232422,"orthographic":false}