{"cameraMode":{"drawMode":0,"name":"Shaded","section":"Shading Mode"},"sceneLighting":false,"audioPlay":false,"sceneViewState":{"showFog":true,"showMaterialUpdate":false,"showSkybox":false,"showFlares":true,"showImageEffects":true,"showParticleSystems":true},"in2DMode":false,"pivot":{"x":-4.164998531341553,"y":1.9010000228881837,"z":-0.0000019073486328125},"rotation":{"x":0.14668767154216767,"y":-0.6774805784225464,"z":0.14058175683021546,"w":0.7069518566131592},"size":13.975630760192871,"orthographic":false}