{"cameraMode":{"drawMode":0,"name":"Shaded","section":"Shading Mode"},"sceneLighting":false,"audioPlay":false,"sceneViewState":{"showFog":true,"showMaterialUpdate":false,"showSkybox":false,"showFlares":true,"showImageEffects":true,"showParticleSystems":true},"in2DMode":false,"pivot":{"x":-3.8268022537231447,"y":1.2993196249008179,"z":0.39261525869369509},"rotation":{"x":0.10058886557817459,"y":-0.08110782504081726,"z":0.008237768895924092,"w":0.9916016459465027},"size":1.7818127870559693,"orthographic":false}