{"cameraMode":{"drawMode":0,"name":"Shaded","section":"Shading Mode"},"sceneLighting":false,"audioPlay":false,"sceneViewState":{"showFog":true,"showMaterialUpdate":false,"showSkybox":false,"showFlares":true,"showImageEffects":true,"showParticleSystems":true},"in2DMode":false,"pivot":{"x":0.0,"y":1.972097635269165,"z":-0.20911216735839845},"rotation":{"x":-0.026149112731218339,"y":0.9692032933235169,"z":-0.21480414271354676,"w":-0.1182321310043335},"size":2.560260057449341,"orthographic":false}