{"cameraMode":{"drawMode":0,"name":"Shaded","section":"Shading Mode"},"sceneLighting":true,"audioPlay":false,"sceneViewState":{"showFog":true,"showMaterialUpdate":false,"showSkybox":false,"showFlares":true,"showImageEffects":true,"showParticleSystems":true},"in2DMode":false,"pivot":{"x":-3.010000228881836,"y":-2.056999683380127,"z":0.18900012969970704},"rotation":{"x":0.1501440703868866,"y":-0.6159402132034302,"z":0.1210823729634285,"w":0.7638433575630188},"size":14.412690162658692,"orthographic":false}