{"cameraMode":{"drawMode":0,"name":"Shaded","section":"Shading Mode"},"sceneLighting":false,"audioPlay":false,"sceneViewState":{"showFog":true,"showMaterialUpdate":false,"showSkybox":false,"showFlares":true,"showImageEffects":true,"showParticleSystems":true},"in2DMode":false,"pivot":{"x":0.0,"y":-0.4920642375946045,"z":-9.5367431640625e-7},"rotation":{"x":0.003775893012061715,"y":0.8582154512405396,"z":-0.5133877396583557,"w":0.006256884429603815},"size":3.2395589351654054,"orthographic":false}